"Alpha","Power"
0,0.04
0.0642857142857143,0.088
0.128571428571429,0.368
0.192857142857143,0.626
0.257142857142857,0.882
0.321428571428571,0.964
0.385714285714286,0.99
0.45,0.992
0.514285714285714,0.996
0.578571428571429,1
0.642857142857143,1
0.707142857142857,1
0.771428571428572,1
0.835714285714286,1
0.9,1
