"Alpha","Power"
0,0.036
0.0888888888888889,0.076
0.177777777777778,0.322
0.266666666666667,0.556
0.355555555555556,0.822
0.444444444444444,0.936
0.533333333333333,0.968
0.622222222222222,0.99
0.711111111111111,0.992
0.8,1
