"Alpha","Power_rej"
0,0.034
0.0888888888888889,0.024
0.177777777777778,0.06
0.266666666666667,0.076
0.355555555555556,0.126
0.444444444444444,0.156
0.533333333333333,0.22
0.622222222222222,0.27
0.711111111111111,0.346
0.8,0.408
