"Alpha","Power"
0,0.036
0.0888888888888889,0.082
0.177777777777778,0.148
0.266666666666667,0.324
0.355555555555556,0.426
0.444444444444444,0.652
0.533333333333333,0.794
0.622222222222222,0.85
0.711111111111111,0.892
0.8,0.942
