"Alpha","Power_rej"
0,0.054
0.0888888888888889,0.036
0.177777777777778,0.052
0.266666666666667,0.074
0.355555555555556,0.13
0.444444444444444,0.16
0.533333333333333,0.224
0.622222222222222,0.322
0.711111111111111,0.316
0.8,0.406
