"Alpha","Power"
0,0.052
0.0642857142857143,0.084
0.128571428571429,0.162
0.192857142857143,0.278
0.257142857142857,0.53
0.321428571428571,0.676
0.385714285714286,0.806
0.45,0.898
0.514285714285714,0.928
0.578571428571429,0.974
0.642857142857143,0.98
0.707142857142857,0.992
0.771428571428572,0.994
0.835714285714286,0.998
0.9,1
