"Alpha","Power_rej"
0,0.038
0.0444444444444444,0.038
0.0888888888888889,0.066
0.133333333333333,0.07
0.177777777777778,0.086
0.222222222222222,0.138
0.266666666666667,0.226
0.311111111111111,0.27
0.355555555555556,0.324
0.4,0.364
