"Alpha","Power"
0,0.056
0.0444444444444444,0.106
0.0888888888888889,0.276
0.133333333333333,0.572
0.177777777777778,0.8
0.222222222222222,0.906
0.266666666666667,0.98
0.311111111111111,0.982
0.355555555555556,0.992
0.4,0.998
