"Alpha","Power_rej"
0,0.046
0.0444444444444444,0.042
0.0888888888888889,0.036
0.133333333333333,0.066
0.177777777777778,0.112
0.222222222222222,0.132
0.266666666666667,0.154
0.311111111111111,0.246
0.355555555555556,0.328
0.4,0.344
