"Alpha","Power"
0,0.036
0.0444444444444444,0.052
0.0888888888888889,0.092
0.133333333333333,0.166
0.177777777777778,0.298
0.222222222222222,0.448
0.266666666666667,0.604
0.311111111111111,0.706
0.355555555555556,0.798
0.4,0.848
